CurrencyID,CurrencyCode,Description
1,'USD','US Dollar'
2,'EUR','European Euro'
3,'GBP','British Pound'
4,'CAD','Canadian Dollar'
5,'AED','United Arab Emirates, Dirhams'
6,'AFN','Afghanistan, Afghanis'
7,'ALL','Albania, Leke'
8,'AMD','Armenia, Drams'
9,'ANG','Netherlands Antilles, Guilders (also called Florins)'
10,'AOA','Angola, Kwanza'
11,'ARS','Argentina, Pesos'
12,'AUD','Australia, Dollars'
13,'AWG','Aruba, Guilders (also called Florins)'
14,'AZM','Azerbaijan, Manats [being phased out]'
15,'AZN','Azerbaijan, New Manats'
16,'BAM','Bosnia and Herzegovina, Convertible Marka'
17,'BBD','Barbados, Dollars'
18,'BDT','Bangladesh, Taka'
19,'BGN','Bulgaria, Leva'
20,'BHD','Bahrain, Dinars'
21,'BIF','Burundi, Francs'
22,'BMD','Bermuda, Dollars'
23,'BND','Brunei Darussalam, Dollars'
24,'BOB','Bolivia, Bolivianos'
25,'BRL','Brazil, Brazil Real'
26,'BSD','Bahamas, Dollars'
27,'BTN','Bhutan, Ngultrum'
28,'BWP','Botswana, Pulas'
29,'BYR','Belarus, Rubles'
30,'BZD','Belize, Dollars'
31,'CDF','Congo/Kinshasa, Congolese Francs'
32,'CHF','Switzerland, Francs'
33,'CLP','Chile, Pesos'
34,'CNY','China, Yuan Renminbi'
35,'COP','Colombia, Pesos'
36,'CRC','Costa Rica, Colones'
37,'CUP','Cuba, Pesos'
38,'CVE','Cape Verde, Escudos'
39,'CYP','Cyprus, Pounds'
40,'CZK','Czech Republic, Koruny'
41,'DJF','Djibouti, Francs'
42,'DKK','Denmark, Kroner'
43,'DOP','Dominican Republic, Pesos'
44,'DZD','Algeria, Algeria Dinars'
45,'EEK','Estonia, Krooni'
46,'EGP','Egypt, Pounds'
47,'ERN','Eritrea, Nakfa'
48,'ETB','Ethiopia, Birr'
49,'FJD','Fiji, Dollars'
50,'FKP','Falkland Islands (Malvinas), Pounds'
51,'GEL','Georgia, Lari'
52,'GGP','Guernsey, Pounds'
53,'GHC','Ghana, Cedis'
54,'GIP','Gibraltar, Pounds'
55,'GMD','Gambia, Dalasi'
56,'GNF','Guinea, Francs'
57,'GTQ','Guatemala, Quetzales'
58,'GYD','Guyana, Dollars'
59,'HKD','Hong Kong, Dollars'
60,'HNL','Honduras, Lempiras'
61,'HRK','Croatia, Kuna'
62,'HTG','Haiti, Gourdes'
63,'HUF','Hungary, Forint'
64,'IDR','Indonesia, Rupiahs'
65,'ILS','Israel, New Shekels'
66,'IMP','Isle of Man, Pounds'
67,'INR','India, Rupees'
68,'IQD','Iraq, Dinars'
69,'IRR','Iran, Rials'
70,'ISK','Iceland, Kronur'
71,'JEP','Jersey, Pounds'
72,'JMD','Jamaica, Dollars'
73,'JOD','Jordan, Dinars'
74,'JPY','Japan, Yen'
75,'KES','Kenya, Shillings'
76,'KGS','Kyrgyzstan, Soms'
77,'KHR','Cambodia, Riels'
78,'KMF','Comoros, Francs'
79,'KPW','Korea (North), Won'
80,'KRW','Korea (South), Won'
81,'KWD','Kuwait, Dinars'
82,'KYD','Cayman Islands, Dollars'
83,'KZT','Kazakhstan, Tenge'
84,'LAK','Laos, Kips'
85,'LBP','Lebanon, Pounds'
86,'LKR','Sri Lanka, Rupees'
87,'LRD','Liberia, Dollars'
88,'LSL','Lesotho, Maloti'
89,'LTL','Lithuania, Litai'
90,'LVL','Latvia, Lati'
91,'LYD','Libya, Dinars'
92,'MAD','Morocco, Dirhams'
93,'MDL','Moldova, Lei'
94,'MGA','Madagascar, Ariary'
95,'MKD','Macedonia, Denars'
96,'MMK','Myanmar (Burma), Kyats'
97,'MNT','Mongolia, Tugriks'
98,'MOP','Macau, Patacas'
99,'MRO','Mauritania, Ouguiyas'
100,'MTL','Malta, Liri'
101,'MUR','Mauritius, Rupees'
102,'MVR','Maldives (Maldive Islands), Rufiyaa'
103,'MWK','Malawi, Kwachas'
104,'MXN','Mexico, Pesos'
105,'MYR','Malaysia, Ringgits'
106,'MZM','Mozambique, Meticais [being phased out]'
107,'MZN','Mozambique, Meticais [newer unit, same name]'
108,'NAD','Namibia, Dollars'
109,'NGN','Nigeria, Nairas'
110,'NIO','Nicaragua, Cordobas'
111,'NOK','Norway, Krone'
112,'NPR','Nepal, Nepal Rupees'
113,'NZD','New Zealand, Dollars'
114,'OMR','Oman, Rials'
115,'PAB','Panama, Balboa'
116,'PEN','Peru, Nuevos Soles'
117,'PGK','Papua New Guinea, Kina'
118,'PHP','Philippines, Pesos'
119,'PKR','Pakistan, Rupees'
120,'PLN','Poland, Zlotych'
121,'PYG','Paraguay, Guarani'
122,'QAR','Qatar, Rials'
123,'ROL','Romania, Lei [being phased out]'
124,'RON','Romania, New Lei'
125,'RSD','Serbia, Dinars'
126,'RUB','Russia, Rubles'
127,'RWF','Rwanda, Rwanda Francs'
128,'SAR','Saudi Arabia, Riyals'
129,'SBD','Solomon Islands, Dollars'
130,'SCR','Seychelles, Rupees'
131,'SDD','Sudan, Dinars'
132,'SEK','Sweden, Kronor'
133,'SGD','Singapore, Dollars'
134,'SHP','Saint Helena, Pounds'
135,'SIT','Slovenia, Tolars'
136,'SKK','Slovakia, Koruny'
137,'SLL','Sierra Leone, Leones'
138,'SOS','Somalia, Shillings'
139,'SPL','Seborga, Luigini'
140,'SRD','Suriname, Dollars'
141,'STD','São Tome and Principe, Dobras'
142,'SVC','El Salvador, Colones'
143,'SYP','Syria, Pounds'
144,'SZL','Swaziland, Emalangeni'
145,'THB','Thailand, Baht'
146,'TJS','Tajikistan, Somoni'
147,'TMM','Turkmenistan, Manats'
148,'TND','Tunisia, Dinars'
149,'TOP','Tonga, Pa'anga'
150,'TRY','Turkey, New Lira'
151,'TTD','Trinidad and Tobago, Dollars'
152,'TVD','Tuvalu, Tuvalu Dollars'
153,'TWD','Taiwan, New Dollars'
154,'TZS','Tanzania, Shillings'
155,'UAH','Ukraine, Hryvnia'
156,'UGX','Uganda, Shillings'
157,'UYU','Uruguay, Pesos'
158,'UZS','Uzbekistan, Sums'
159,'VEB','Venezuela, Bolivares'
160,'VND','Viet Nam, Dong'
161,'VUV','Vanuatu, Vatu'
162,'WST','Samoa, Tala'
163,'XAF','Communauté Financière Africaine BEAC, Francs'
164,'XAG','Silver, Ounces'
165,'XAU','Gold, Ounces'
166,'XCD','East Caribbean Dollars'
167,'XDR','International Monetary Fund (IMF) Special Drawing Rights'
168,'XOF','Communauté Financière Africaine BCEAO, Francs'
169,'XPD','Palladium Ounces'
170,'XPF','Comptoirs Français du Pacifique Francs'
171,'XPT','Platinum, Ounces'
172,'YER','Yemen, Rials'
173,'ZAR','South Africa, Rand'
174,'ZMK','Zambia, Kwacha'
175,'ZWN','Zimbabwe, Zimbabwe Dollars'
176,'UNK','Unknown'
